q1,genres=Adventure,genres=Comedy
q2,genres=Science Fiction,genres=Documentary
q3,genres=Crime,count=1000
q4,genres=Science Fiction,companies=Dimension Films
q5,genres=Western,count=0
q6,companies=DreamWorks SKG
q7,genres=Family,genres=Fantasy,genres=Crime,companies=Metro-Goldwyn-Mayer (MGM),count=1000
q8,genres=History,year=2010
q9,genres=Science Fiction,genres=Family,genres=War,year=1964
q10,genres=Thriller,genres=Comedy,count=0
q11,genres=Science Fiction,genres=Family,genres=Foreign,genres=Music,count=0
q12,genres=Drama,year=1998
q13,companies=Fox Searchlight Pictures
q14,genres=Action
q15,genres=Fantasy,genres=Crime
q16,genres=Science Fiction,genres=Adventure,genres=Western,genres=Music,genres=Documentary,count=0
q17,genres=Thriller,year=2010,count=1000
q18,genres=Science Fiction,genres=History,genres=Fantasy,genres=War,genres=Comedy,genres=Romance
q19,genres=Horror,genres=Crime,genres=Comedy,genres=Documentary,companies=Hammer Film Productions
q20,year=1999
q21,genres=Drama
q22,genres=Animation,count=100
q23,companies=Morgan Creek Productions
q24,genres=Horror,genres=Comedy,genres=Mystery,genres=Documentary,year=1995
q25,genres=Drama,count=10
q26,year=1981
q27,genres=Horror,count=10000
q28,year=1977,count=10
q29,genres=Foreign,genres=History,genres=War,count=10000
q30,genres=History,year=2007
q31,genres=Western,genres=Drama
q32,genres=Western,genres=Action,genres=Music
q33,genres=Action,genres=Animation,companies=Shôchiku Eiga,year=2016,count=1000
q34,genres=Thriller,year=1996
q35,genres=History,genres=Romance,count=100
q36,genres=Animation
q37,genres=Drama,year=1982
q38,genres=Documentary
q39,genres=Mystery,count=10
q40,genres=Adventure,genres=Comedy,genres=Music,year=1963
q41,genres=Foreign,genres=Drama,companies=Hammer Film Productions,year=2012
q42,genres=War,genres=Drama
q43,genres=Adventure,genres=Foreign,genres=Mystery,count=100
q44,genres=Fantasy
q45,genres=Documentary,year=1966
q46,genres=Horror
q47,genres=Crime
q48,genres=Crime,genres=Drama,count=10
q49,genres=Adventure,genres=Horror,genres=Documentary,count=1000
q50,genres=Thriller,genres=Foreign,genres=Action,companies=Svensk Filmindustri (SF)
q51,genres=Horror,genres=War
q52,genres=History,genres=Documentary,year=1995
q53,genres=War,genres=Comedy,genres=Music,genres=Documentary
q54,genres=Crime,count=10
q55,genres=Foreign,genres=Crime,genres=Mystery,genres=Romance,year=1952
q56,year=1979
q57,genres=Action,genres=Crime,genres=Music
q58,genres=Thriller,genres=Fantasy,genres=Animation,genres=Comedy,year=1974
q59,genres=Adventure,genres=Animation,genres=Music,genres=Mystery,companies=Film4
q60,genres=Mystery,companies=DreamWorks SKG,year=1963
q61,genres=History,genres=Comedy,count=10
q62,genres=History,genres=Action,companies=Shôchiku Eiga,count=10000
q63,genres=Science Fiction,genres=War,companies=Summit Entertainment,count=0
q64,genres=Science Fiction,companies=Dune Entertainment,count=10
q65,year=1975
q66,genres=History,companies=Mosfilm
q67,genres=TV Movie,genres=Crime,count=0
q68,genres=Thriller,genres=Foreign,count=1000
q69,genres=Horror,genres=Documentary,year=1989
q70,companies=Pixar Animation Studios,year=1975
q71,year=2016,count=100
q72,genres=Foreign,count=0
q73,genres=Science Fiction,genres=Crime,count=100
q74,genres=History,genres=Western,count=1000
q75,genres=Thriller,genres=History,genres=Animation,genres=Comedy,companies=Arte France Cinéma,year=1982,count=0
q76,genres=History,genres=Western,genres=Mystery
q77,genres=History,genres=Fantasy,genres=War,companies=Columbia Pictures
q78,genres=Fantasy
q79,genres=Science Fiction,genres=Crime
q80,genres=Science Fiction,genres=Foreign,genres=History,year=2005
q81,genres=War,genres=Western,genres=Music,genres=Romance,count=10
q82,genres=Horror,genres=Romance,genres=Documentary,count=10
q83,genres=War,genres=Comedy
q84,genres=Adventure,genres=Action
q85,genres=History,genres=War
q86,genres=Family,genres=Crime,genres=Drama,count=10
q87,genres=Horror,genres=Foreign,genres=Crime,genres=Mystery,count=10000
q88,genres=Science Fiction,genres=War
q89,genres=Foreign,count=10000
q90,genres=Foreign,genres=Animation,genres=Comedy,companies=Shaw Brothers,count=10000
q91,genres=Family,genres=TV Movie,genres=War,year=1970
q92,genres=Science Fiction,genres=Adventure,genres=Documentary
q93,genres=History,genres=Crime
q94,year=1993
q95,genres=Family,genres=Fantasy
q96,genres=Science Fiction,genres=Family,genres=Comedy,companies=Metro-Goldwyn-Mayer (MGM),count=1000
q97,genres=Drama,genres=Romance,genres=Documentary,companies=Fox Film Corporation
q98,genres=Mystery,companies=Fox 2000 Pictures
q99,genres=Foreign,companies=Film4
q100,genres=Thriller,genres=Foreign,genres=Animation,year=1999
q101,year=2010
q102,genres=War
q103,genres=Comedy,year=1965,count=1000
q104,genres=Science Fiction
q105,genres=Action,genres=Animation,year=1996,count=10000
q106,genres=Foreign,genres=Animation,genres=Comedy,companies=Hollywood Pictures
q107,genres=War,genres=Animation
q108,genres=Thriller,genres=Crime
q109,genres=Foreign,companies=StudioCanal,year=1949,count=10
q110,genres=Science Fiction,genres=History,genres=War
q111,genres=History,genres=Romance,count=10000
q112,genres=Horror,genres=Documentary,year=2008
q113,genres=Family,genres=TV Movie,genres=History,genres=Crime,genres=Comedy,companies=Summit Entertainment
q114,genres=Western,year=1995,count=0
q115,genres=Science Fiction,genres=Fantasy,genres=War,genres=Drama,companies=Dimension Films
q116,genres=Documentary,count=1000
q117,companies=Monogram Pictures,year=2010
q118,year=1955
q119,genres=Crime,year=1962
q120,companies=France 3 Cinéma
q121,genres=War
q122,genres=Fantasy,year=1984,count=10
q123,genres=Science Fiction,genres=War,year=2014
q124,genres=Horror,genres=Music,count=10000
q125,genres=Adventure,genres=History,genres=Drama,year=1975
q126,genres=Science Fiction,genres=War,count=10000
q127,genres=Family,genres=Horror
q128,genres=Horror,year=1994
q129,genres=Music,genres=Drama,genres=Documentary
q130,genres=Drama,count=100
q131,genres=Crime
q132,genres=Thriller,genres=Western,genres=Drama,companies=Regency Enterprises,count=0
q133,genres=TV Movie,genres=Animation,genres=Drama,genres=Romance,year=1999
q134,genres=Science Fiction,genres=Horror,genres=Romance,genres=Documentary,year=1994
q135,genres=Thriller,genres=Western,genres=Music,genres=Mystery
q136,genres=Crime
q137,genres=Science Fiction,genres=Western,genres=Romance,genres=Documentary,year=1989
q138,genres=Adventure
q139,genres=Thriller,genres=Music,count=1000
q140,genres=Family,genres=History,genres=Fantasy,genres=Action,genres=Music,companies=Shaw Brothers,count=10000
q141,genres=Adventure,genres=Western,genres=Crime
q142,genres=TV Movie,genres=Animation,companies=New Line Cinema
q143,year=1993,count=0
q144,genres=Foreign,genres=War,genres=Comedy,genres=Romance,genres=Documentary,companies=Daiei Studios,count=10
q145,genres=War,genres=Romance,companies=Imagine Entertainment
q146,genres=Mystery,count=100
q147,genres=Animation,genres=Romance,count=100
q148,genres=Horror,genres=Foreign,companies=UK Film Council
q149,genres=TV Movie,genres=Horror,genres=Thriller,genres=Mystery,count=0
q150,genres=Thriller,genres=Documentary,count=10
q151,genres=Science Fiction,count=10000
q152,genres=Adventure,genres=Comedy,year=2014
q153,genres=Western,genres=Crime,genres=Mystery,companies=France 3 Cinéma
q154,genres=Family,year=2003
q155,genres=Science Fiction,genres=Mystery
q156,genres=Science Fiction,genres=Thriller,genres=Action
q157,genres=Animation,companies=France 2 Cinéma,year=1983,count=100
q158,genres=War,genres=Drama,genres=Documentary,companies=Canal+ España
q159,genres=Crime
q160,genres=Fantasy,year=1970
q161,genres=History,genres=Western,count=10000
q162,genres=Family,genres=Foreign,genres=Action,genres=Mystery,year=1998,count=10
q163,genres=Action,genres=Animation,genres=Mystery,companies=BBC Films
q164,genres=War,genres=Western
q165,genres=Documentary,count=0
q166,genres=Fantasy,genres=Animation,genres=Music,genres=Documentary,companies=First National Pictures
q167,genres=War,genres=Action,genres=Crime,count=10000
q168,genres=Thriller,genres=Mystery,genres=Drama,count=10
q169,genres=Action,genres=Music,year=2010,count=1000
q170,genres=Fantasy,genres=Action,genres=Music,genres=Mystery,genres=Romance,genres=Documentary
q171,genres=Family,genres=Adventure
q172,companies=Warner Bros.,year=1969
q173,genres=Adventure,genres=War,genres=Crime,genres=Animation,genres=Romance,year=2008,count=10
q174,genres=Drama,count=1000
q175,genres=Fantasy,genres=Drama
q176,genres=Action
q177,genres=Thriller,genres=Animation,genres=Comedy,genres=Drama,year=1972
q178,genres=Western,genres=Music,companies=Televisión Española (TVE),count=0
q179,genres=TV Movie,genres=Animation,genres=Mystery,genres=Documentary,year=2012
q180,genres=Thriller,genres=Crime,year=1985,count=1000
q181,genres=Drama,count=0
q182,genres=History,genres=Documentary
q183,genres=Fantasy,genres=Documentary
q184,genres=Adventure
q185,genres=Action,year=2011,count=100
q186,companies=Miramax Films,count=100
q187,genres=TV Movie,genres=Thriller,genres=Mystery,year=1972
q188,genres=Thriller,genres=Comedy
q189,genres=Thriller,genres=Foreign,genres=History,genres=Fantasy,genres=Documentary,year=1955
q190,genres=Fantasy,genres=Action,genres=Animation,genres=Drama,year=1999
q191,genres=Science Fiction,genres=Crime,genres=Animation,year=1991
q192,genres=Science Fiction,genres=Adventure,genres=Foreign,genres=Western,genres=Crime,count=100
q193,genres=Thriller,genres=Western,companies=New Line Cinema,year=1928
q194,genres=History,genres=Western,genres=Documentary,year=1999
q195,genres=War,genres=Western,genres=Animation,year=1981
q196,genres=History,genres=Drama,companies=PolyGram Filmed Entertainment,count=0
q197,genres=Adventure,genres=History
q198,genres=Thriller,companies=TLA Releasing,year=1973
q199,year=1998
q200,genres=War,year=1996,count=10
q201,genres=Adventure,genres=Thriller,genres=Music,year=2001
q202,genres=Mystery,companies=Lions Gate Films,count=100
q203,genres=Family,genres=Fantasy,genres=Crime,genres=Mystery
q204,genres=Science Fiction,genres=Horror,genres=Action,genres=Crime
q205,genres=Science Fiction,genres=Family,genres=Thriller,year=2003
q206,genres=Science Fiction,genres=Family,year=1996
q207,genres=War,year=2000,count=0
q208,genres=Family,genres=Adventure,genres=Fantasy,genres=Romance,year=1968
q209,genres=Foreign
q210,genres=Family,genres=Action
q211,genres=Family,genres=History,genres=Fantasy,genres=Western,genres=Comedy,count=100
q212,genres=Foreign,genres=Fantasy,genres=Animation,genres=Drama,year=2005
q213,genres=Drama
q214,genres=History,genres=War,genres=Crime,year=1992
q215,genres=Western,genres=Crime,genres=Animation,genres=Comedy
q216,genres=Animation
q217,genres=Thriller,genres=Drama,genres=Documentary
q218,genres=Science Fiction,genres=Thriller,genres=History,genres=Comedy
q219,genres=Science Fiction,genres=Family,genres=Adventure,genres=History,genres=War,genres=Music,year=1988,count=0
q220,genres=War,year=2003
q221,genres=Fantasy,genres=War,genres=Western,year=1953
q222,genres=Science Fiction,genres=Comedy,genres=Documentary
q223,genres=Horror,genres=War,companies=New World Pictures,count=1000
q224,genres=Romance,year=1963,count=10000
q225,genres=Horror,companies=Westdeutscher Rundfunk (WDR)
q226,genres=Thriller,year=1997
q227,genres=Science Fiction
q228,genres=Foreign,genres=Music,companies=Columbia Pictures
q229,genres=Fantasy,genres=Action,genres=Mystery,year=1998
q230,genres=Romance
q231,genres=Documentary,count=0
q232,genres=Science Fiction,genres=Foreign,count=1000
q233,genres=Family,genres=Fantasy,genres=Crime
q234,genres=Science Fiction,genres=Crime,genres=Animation,genres=Documentary,year=1960
q235,genres=TV Movie,genres=Foreign,genres=Western,genres=Crime,genres=Romance,genres=Documentary,count=1000
q236,genres=Thriller,genres=Crime
q237,genres=Documentary,count=0
q238,genres=Science Fiction,genres=Horror,genres=Thriller,genres=Fantasy,genres=Crime,genres=Music,year=1997
q239,genres=Horror,genres=War,genres=Animation,genres=Romance,companies=RKO Radio Pictures
q240,genres=TV Movie
q241,genres=Animation,genres=Comedy,genres=Romance,year=1983,count=10000
q242,genres=Horror,genres=Animation,companies=Lionsgate,year=1988
q243,genres=Adventure,count=10000
q244,year=2006,count=100
q245,genres=Science Fiction,genres=Foreign,genres=Western,companies=Metro-Goldwyn-Mayer (MGM),count=1000
q246,genres=Music
q247,genres=Horror,genres=Thriller,genres=Drama
q248,genres=Thriller,genres=Comedy
q249,genres=Animation,genres=Drama,companies=Rai Cinema
q250,genres=War,genres=Crime,genres=Animation
q251,genres=Science Fiction,genres=Comedy,companies=PolyGram Filmed Entertainment
q252,genres=Family,genres=Foreign,year=1996
q253,genres=Comedy,companies=Monogram Pictures,year=1971
q254,genres=Western,genres=Music
q255,genres=Documentary,count=10
q256,genres=Documentary
q257,genres=Horror,year=2002
q258,genres=Foreign,genres=Action,genres=Music,year=1970
q259,year=1992
q260,genres=Science Fiction,genres=Horror,year=1966,count=10
q261,genres=Thriller,companies=Pathé
q262,genres=Science Fiction,genres=Foreign,year=1998,count=10
q263,genres=Drama,year=1990
q264,genres=Action,genres=Romance,count=100
q265,genres=Family,genres=Animation,genres=Mystery,year=2014
q266,genres=Horror,genres=Mystery
q267,genres=Fantasy,companies=Focus Features,year=1959
q268,genres=Romance
q269,genres=Thriller,genres=Drama
q270,genres=Adventure,genres=War,genres=Drama
q271,genres=Documentary,companies=Lakeshore Entertainment,year=1964
q272,genres=History,genres=Western,year=1988
q273,genres=TV Movie,genres=Fantasy,genres=Western,genres=Music
q274,genres=Family,genres=Mystery,companies=RKO Radio Pictures,year=1993
q275,genres=TV Movie,genres=Animation
q276,genres=Science Fiction,genres=War,year=1959
q277,genres=Foreign,genres=Romance,companies=DreamWorks SKG
q278,genres=Drama
q279,genres=Animation,genres=Mystery
q280,genres=History,genres=Fantasy
q281,genres=Family,genres=History,companies=Regency Enterprises,year=1989,count=10
q282,genres=Horror,genres=Mystery,genres=Drama,count=10
q283,genres=Crime,genres=Comedy,genres=Music,genres=Drama
q284,genres=Documentary,count=1000
q285,genres=TV Movie,genres=Western,genres=Crime,genres=Music,count=1000
q286,genres=Western,genres=Comedy,genres=Drama,year=1963
q287,genres=War
q288,genres=War,count=1000
q289,genres=Animation,companies=Film i Väst,year=1998
q290,year=1985,count=10
q291,genres=Foreign,genres=Animation,genres=Romance
q292,year=2010
q293,genres=Science Fiction,genres=Fantasy,genres=War,genres=Drama,year=1994
q294,genres=Animation,genres=Drama
q295,year=1975,count=10000
q296,genres=Family,genres=Action,genres=Crime,companies=Hammer Film Productions
q297,genres=Crime,year=1979
q298,genres=Action,genres=Drama,year=1980,count=100
q299,genres=Science Fiction,genres=Foreign,genres=Documentary,year=1947,count=10
q300,genres=Animation,genres=Comedy,genres=Drama,count=10
q301,genres=War,genres=Music,companies=Regency Enterprises
q302,genres=TV Movie,genres=Fantasy,genres=War,genres=Action,genres=Crime,genres=Romance,companies=DC Comics
q303,companies=Wild Bunch
q304,genres=Fantasy,genres=Western,genres=Crime,genres=Music
q305,genres=Horror,genres=Thriller,genres=History,genres=Crime,count=0
q306,genres=Fantasy,genres=Documentary,companies=Silver Pictures
q307,genres=Horror,genres=Thriller,genres=Foreign,count=10000
q308,genres=Thriller,genres=Western,year=1966,count=10
q309,genres=Comedy,year=1996
q310,year=1996
q311,genres=Fantasy,year=1968
q312,genres=Horror,genres=Foreign,genres=Fantasy,genres=Western,genres=Romance,year=1967
q313,genres=Fantasy
q314,genres=Science Fiction,genres=Adventure,genres=History,genres=Comedy,companies=Eurimages,year=1960
q315,genres=Thriller
q316,genres=Comedy,companies=Lakeshore Entertainment,year=1976
q317,genres=Thriller,genres=Mystery
q318,genres=Adventure,genres=Horror,genres=Music
q319,genres=Family,companies=Home Box Office (HBO),year=1962
q320,genres=Fantasy,companies=Twentieth Century Fox Film Corporation,count=100
q321,genres=Science Fiction,genres=Family
q322,genres=Horror,genres=War,count=1000
q323,genres=War,genres=Mystery,genres=Drama
q324,genres=History,genres=Comedy,genres=Mystery,genres=Romance,genres=Documentary,count=10
q325,genres=Adventure,genres=History
q326,genres=History,genres=Crime,companies=United Artists
q327,genres=Adventure,genres=War
q328,genres=Science Fiction,genres=Crime
q329,genres=History,genres=Western,genres=Animation
q330,genres=Crime
q331,genres=Thriller,genres=Crime,genres=Comedy
q332,genres=Animation
q333,genres=History,genres=Crime,companies=RKO Radio Pictures,count=10
q334,year=1999,count=100
q335,genres=Mystery,year=1978
q336,genres=TV Movie,genres=History
q337,genres=TV Movie,genres=Horror,year=2002,count=100
q338,genres=Science Fiction,genres=Crime,genres=Documentary
q339,genres=Fantasy,genres=Animation,genres=Music,year=1981
q340,genres=Action,genres=Comedy
q341,genres=Thriller,genres=Animation
q342,genres=Family,genres=Crime,genres=Mystery,genres=Romance,companies=Millennium Films,year=1996
q343,genres=Horror
q344,genres=Family,genres=Horror
q345,genres=Science Fiction,genres=Action
q346,genres=Thriller,genres=War
q347,genres=Crime,genres=Comedy
q348,genres=Animation,genres=Romance,year=1989,count=10000
q349,genres=Adventure,genres=War,genres=Action,genres=Drama,year=1956
q350,genres=Family,genres=Documentary,companies=Svensk Filmindustri (SF)
q351,genres=Comedy,genres=Music,genres=Mystery,year=1963
q352,genres=Adventure,year=1959,count=100
q353,genres=TV Movie,genres=Western,genres=Documentary
q354,genres=Science Fiction,genres=Action,genres=Music,genres=Mystery
q355,genres=Science Fiction,genres=Adventure,genres=Horror,genres=Crime,genres=Animation,genres=Music,genres=Romance
q356,genres=Animation,year=1941
q357,genres=Adventure,genres=Foreign,count=0
q358,genres=Action
q359,genres=Action,genres=Animation,genres=Drama,year=1963,count=1000
q360,genres=Thriller,genres=Foreign,year=1985
q361,genres=Foreign,year=1987
q362,year=2009
q363,genres=Western
q364,genres=Drama,genres=Documentary
q365,genres=TV Movie,genres=War,year=1998,count=1000
q366,genres=Fantasy,genres=Animation
q367,genres=Family,genres=Foreign,genres=Western,genres=Crime,genres=Music
q368,genres=Foreign,genres=History,genres=Comedy,year=2017
q369,genres=Horror,year=2016
q370,genres=Fantasy,genres=Mystery
q371,genres=Horror,genres=Drama,year=1971
q372,year=1973
q373,genres=War,genres=Music,genres=Mystery,companies=Lions Gate Films
q374,genres=Family,genres=Adventure,genres=History,genres=Fantasy,genres=Action,genres=Mystery,count=10000
q375,genres=Foreign,genres=Fantasy,genres=Documentary
q376,genres=Science Fiction,genres=Fantasy,genres=War
q377,genres=Horror,genres=History,genres=Crime
q378,year=1970,count=10
q379,genres=Family,genres=Action,count=10
q380,genres=Crime,year=1991
q381,genres=Romance
q382,companies=Orion Pictures,count=0
q383,genres=Horror
q384,genres=History,genres=Music,count=0
q385,genres=Science Fiction,genres=TV Movie,year=1995
q386,genres=Thriller,genres=Fantasy,genres=Animation,year=2015
q387,genres=History,genres=Fantasy,genres=Crime,genres=Romance,count=0
q388,genres=Adventure,genres=Western,count=100
q389,genres=Adventure,genres=Fantasy,companies=Warner Bros.
q390,genres=Science Fiction,genres=Western
q391,genres=War,genres=Action,genres=Crime,genres=Drama,genres=Documentary,count=0
q392,genres=Thriller,genres=Fantasy,genres=Crime,genres=Drama,companies=Lionsgate
q393,genres=Family,genres=Music,genres=Documentary,count=10
q394,genres=TV Movie,genres=Animation
q395,genres=Crime,genres=Drama
q396,genres=History,genres=Mystery
q397,genres=Comedy,genres=Romance,genres=Documentary,year=1970,count=0
q398,genres=Comedy,companies=First National Pictures,count=10000
q399,companies=Touchstone Pictures
q400,genres=Family,genres=Horror,genres=Fantasy
q401,genres=Horror,genres=Animation,companies=EuropaCorp
q402,genres=Adventure,genres=Thriller
q403,genres=Family,genres=Western
q404,genres=Comedy,companies=Imagine Entertainment,year=1988
q405,genres=History,genres=Fantasy,genres=Music,genres=Mystery
q406,genres=Adventure,genres=Crime,genres=Comedy,genres=Drama,genres=Romance,genres=Documentary,count=10000
q407,genres=History,genres=Animation,genres=Music,genres=Romance,companies=Televisión Española (TVE),year=1995
q408,genres=History,genres=Western,companies=Lakeshore Entertainment,year=1979,count=10000
q409,genres=Thriller,genres=Drama,year=1990,count=100
q410,genres=Foreign,genres=Western,genres=Action,year=2007
q411,genres=Action
q412,genres=Thriller,genres=Action,genres=Mystery,genres=Documentary,count=100
q413,genres=Science Fiction,genres=Horror,genres=History,genres=Drama,year=1996,count=10000
q414,genres=Foreign,year=1930
q415,genres=Adventure,genres=History,genres=War,genres=Comedy,genres=Mystery
q416,genres=Thriller,genres=Foreign,companies=Centre National de la Cinématographie (CNC),count=100
q417,genres=War,genres=Crime,genres=Comedy,count=100
q418,genres=Animation,year=1950,count=10000
q419,genres=History,genres=Animation,year=1990
q420,genres=TV Movie,genres=Adventure,genres=Crime,genres=Animation
q421,genres=Adventure,genres=Fantasy,genres=Western,genres=Animation
q422,genres=History,companies=BBC Films
q423,genres=Fantasy,genres=Documentary
q424,genres=Romance
q425,genres=Documentary,count=1000
q426,genres=Music
q427,genres=Foreign,genres=Fantasy,genres=Drama
q428,genres=Western,year=2007,count=1000
q429,genres=Family,genres=Western,count=10000
q430,genres=TV Movie,genres=History,genres=War
q431,genres=Music,count=1000
q432,genres=Documentary
q433,genres=Foreign,genres=Drama,year=1958
q434,genres=Animation,genres=Comedy
q435,genres=Family,year=1985
q436,genres=Science Fiction,genres=Mystery
q437,genres=Western,genres=Drama,genres=Documentary,year=1990
q438,genres=Science Fiction,companies=Svensk Filmindustri (SF),count=100
q439,genres=Music
q440,genres=Horror
q441,genres=Horror,genres=War,genres=Comedy,genres=Documentary
q442,genres=Horror
q443,genres=Comedy,companies=Pixar Animation Studios,year=2003
q444,genres=Western,genres=Animation,year=2017,count=10000
q445,genres=Crime,genres=Comedy,companies=Home Box Office (HBO)
q446,genres=Action,genres=Music,count=10000
q447,genres=TV Movie,genres=Romance,year=1982,count=1000
q448,genres=Crime,year=2004,count=0
q449,genres=Thriller,genres=Comedy
q450,genres=TV Movie,genres=Thriller,genres=Crime,genres=Romance
q451,genres=Music,genres=Drama,count=10000
q452,genres=Science Fiction,genres=Documentary
q453,genres=Science Fiction,genres=History,genres=Animation,genres=Romance,year=1993
q454,genres=Mystery,genres=Drama,year=1965
q455,genres=Family,genres=Crime,companies=Hallmark Entertainment,count=10
q456,genres=TV Movie,genres=Romance,genres=Documentary,companies=Film i Väst,count=10
q457,genres=Adventure,genres=War,genres=Romance,count=0
q458,companies=Zentropa Entertainments
q459,genres=TV Movie,genres=Thriller,genres=Western,year=1986,count=10000
q460,genres=Science Fiction,genres=Fantasy,year=1986
q461,companies=Fox Searchlight Pictures
q462,genres=Foreign,companies=Screen Gems,count=0
q463,genres=Action,genres=Romance,year=1978
q464,genres=Science Fiction,genres=TV Movie,genres=Action,genres=Documentary,companies=Arte France Cinéma,year=1969
q465,genres=Family,genres=Crime,count=0
q466,genres=Adventure
q467,genres=Family,genres=War,genres=Action,genres=Mystery,year=1966
q468,genres=Thriller,genres=Mystery,companies=Castle Rock Entertainment
q469,genres=Crime
q470,genres=Fantasy,genres=Crime,genres=Mystery
q471,genres=Music,genres=Romance,companies=Castle Rock Entertainment
q472,genres=Thriller,genres=Animation,genres=Drama,genres=Documentary,companies=Twentieth Century Fox Film Corporation
q473,genres=Music,genres=Drama,companies=TF1 Films Production,year=1983
q474,genres=Action,count=100
q475,year=2015,count=100
q476,genres=War
q477,genres=History,genres=Crime,genres=Comedy
q478,genres=Drama,companies=Rai Cinema,year=1999
q479,genres=Western,count=0
q480,genres=TV Movie,genres=Thriller,genres=War,year=1981,count=1000
q481,genres=Family,genres=Foreign,genres=Western,genres=Animation,genres=Music,companies=New Regency Pictures
q482,genres=Horror,genres=Crime,genres=Drama,companies=Toho Company,count=1000
q483,genres=TV Movie,genres=Adventure,genres=History,genres=Animation,genres=Documentary
q484,genres=Adventure,genres=Animation,genres=Music
q485,genres=Thriller
q486,genres=War,genres=Comedy
q487,genres=Family,genres=TV Movie,genres=Adventure,genres=History,genres=Action,genres=Mystery
q488,genres=Horror
q489,genres=Mystery
q490,genres=War,genres=Animation,genres=Drama,year=1987
q491,genres=Science Fiction,genres=TV Movie
q492,genres=Family,genres=Fantasy,genres=Animation,count=10
q493,genres=History,genres=Fantasy
q494,genres=History,genres=Action,genres=Animation,count=1000
q495,genres=Horror,genres=Foreign,genres=Crime,year=2005,count=1000
q496,genres=Foreign,genres=Crime
q497,genres=Crime,genres=Romance,year=1984
q498,genres=Foreign
q499,genres=TV Movie,genres=Horror,genres=History,genres=Crime,genres=Documentary
q500,genres=War,genres=Western,count=100
q501,genres=Foreign,genres=Animation,genres=Mystery,year=1953
q502,genres=TV Movie,count=10
q503,genres=Family,genres=Adventure,genres=Crime,year=1994
q504,genres=Comedy,year=1974
q505,genres=Drama
q506,genres=Action,genres=Animation,genres=Mystery,companies=Metro-Goldwyn-Mayer (MGM)
q507,genres=Action,genres=Drama
q508,genres=History,genres=Romance
q509,genres=Horror,genres=War,genres=Western,genres=Documentary,companies=Hallmark Entertainment,count=10000
q510,genres=Family,genres=TV Movie,genres=Action,genres=Animation,genres=Comedy,companies=Millennium Films
q511,genres=Horror,genres=Animation,count=1000
q512,genres=Thriller,genres=Animation,count=0
q513,genres=Fantasy,companies=New World Pictures
q514,genres=TV Movie,genres=Adventure,genres=History,genres=Comedy,companies=Summit Entertainment
q515,genres=Horror,genres=Thriller,genres=Fantasy,genres=Action,companies=New World Pictures
q516,genres=Science Fiction,genres=History,genres=Drama
q517,genres=Comedy,companies=Film i Väst,count=100
q518,year=1980,count=100
q519,genres=History
q520,genres=Adventure,genres=Mystery,year=2003,count=10
q521,genres=Action,year=1996,count=10
q522,genres=Crime,genres=Romance,companies=Téléfilm Canada,count=0
q523,genres=History,genres=Drama,count=0
q524,genres=Horror,genres=Mystery,count=10
q525,genres=Adventure,genres=Drama,count=10
q526,genres=Fantasy,genres=Western
q527,genres=History,companies=Shôchiku Eiga
q528,genres=Foreign,genres=Romance
q529,year=1966
q530,genres=Thriller,genres=Romance,count=10000
q531,genres=TV Movie,count=10000
q532,genres=Mystery
q533,genres=Science Fiction,genres=Western,genres=Animation,genres=Music
q534,genres=Science Fiction,genres=Fantasy,genres=Documentary,companies=Canal+
q535,genres=Animation,count=10
q536,genres=Mystery,genres=Drama,genres=Romance,genres=Documentary
q537,genres=Family,count=100
q538,genres=Thriller,genres=Documentary
q539,genres=Horror,genres=Action,genres=Music
q540,genres=Fantasy
q541,genres=Thriller,genres=History
q542,companies=EuropaCorp
q543,genres=Comedy,companies=Pathé
q544,genres=War
q545,year=2005
q546,genres=Family,genres=Foreign,genres=Documentary,year=2017
q547,genres=Thriller,genres=War,genres=Action,genres=Mystery,year=1951
q548,genres=History,genres=Documentary,count=1000
q549,genres=Crime,genres=Music,genres=Drama,year=1973
q550,genres=Family,genres=Comedy,genres=Drama,year=2004,count=0
q551,genres=Adventure,year=1963
q552,genres=Fantasy,genres=Crime,genres=Comedy,genres=Mystery,year=1966,count=1000
q553,genres=Fantasy
q554,genres=Adventure,genres=Animation,year=1995
q555,genres=Mystery,genres=Drama,genres=Romance,count=100
q556,genres=Adventure
q557,genres=Thriller,genres=Western
q558,genres=TV Movie,genres=Fantasy,companies=BBC Films
q559,genres=Action,genres=Animation,genres=Drama
q560,genres=Thriller,count=1000
q561,genres=Fantasy,count=10
q562,year=1970
q563,genres=Fantasy,genres=Western
q564,year=1983
q565,genres=Science Fiction,genres=Thriller,genres=History
q566,genres=History,genres=Mystery
q567,genres=History
q568,genres=Drama,companies=Toho Company,year=1989
q569,genres=Adventure,genres=Action,genres=Mystery,year=1967
q570,genres=TV Movie,genres=Horror
q571,genres=TV Movie,genres=Foreign,genres=Music,count=10
q572,genres=Mystery,year=1973
q573,genres=Family,genres=History,genres=War
q574,genres=Western,genres=Drama
q575,genres=Animation,genres=Mystery
q576,genres=Thriller,genres=Comedy,year=1953,count=10000
q577,genres=Romance
q578,genres=Fantasy,genres=Action
q579,genres=Crime,genres=Mystery,year=1989
q580,genres=History,genres=Western
q581,genres=Family,genres=Romance,companies=Zweites Deutsches Fernsehen (ZDF)
q582,genres=Documentary,year=1951,count=1000
q583,genres=Family,genres=Romance,count=10000
q584,genres=Science Fiction,companies=CinéCinéma,count=0
q585,genres=Horror
q586,genres=TV Movie,genres=Adventure,genres=Foreign,companies=Wild Bunch
q587,genres=Fantasy,genres=Action,genres=Crime,genres=Drama
q588,companies=StudioCanal
q589,genres=Western
q590,genres=Music,companies=Arte,count=1000
q591,genres=Fantasy,genres=Music,genres=Romance
q592,genres=Drama
q593,genres=Science Fiction,genres=Romance,year=1991
q594,genres=Horror,count=10
q595,genres=Action,genres=Crime,genres=Music
q596,genres=Western,genres=Mystery,genres=Drama
q597,genres=Family,genres=TV Movie,genres=Documentary
q598,genres=Horror,genres=History
q599,genres=Drama,companies=Relativity Media
q600,genres=Western,year=1957
q601,genres=Science Fiction,genres=Mystery,companies=Orion Pictures,count=10000
q602,genres=Science Fiction,genres=Animation,genres=Romance,count=10000
q603,genres=Adventure,genres=Horror,genres=Western,genres=Comedy,count=10
q604,genres=Foreign,genres=Documentary
q605,genres=Animation,genres=Romance,year=1947
q606,genres=Animation,genres=Mystery,genres=Drama
q607,genres=TV Movie
q608,genres=TV Movie,genres=Action,genres=Crime,genres=Drama,genres=Romance,year=2014
q609,genres=Foreign,genres=History,count=100
q610,genres=War,genres=Comedy
q611,genres=History,genres=Mystery,count=100
q612,genres=Family,genres=TV Movie,genres=Crime,companies=Téléfilm Canada,count=1000
q613,genres=War,genres=Comedy,genres=Mystery,year=1985,count=0
q614,genres=Adventure,genres=Foreign,companies=Golden Harvest Company
q615,genres=Horror,companies=The Weinstein Company
q616,genres=Horror,genres=Foreign,genres=Animation,count=0
q617,genres=Family,genres=Action,genres=Comedy,companies=Televisión Española (TVE),count=10000
q618,genres=Western,genres=Action,companies=Amblin Entertainment
q619,genres=Adventure,genres=History,genres=Comedy,year=1994
q620,genres=Foreign,genres=Action,count=0
q621,genres=Science Fiction,year=1995
q622,genres=Animation,year=1988
q623,genres=Horror,genres=Foreign
q624,genres=Science Fiction,genres=Fantasy,genres=Comedy,genres=Music,genres=Romance,companies=BBC Films,count=0
q625,genres=Western,genres=Mystery,genres=Romance,year=1990,count=1000
q626,year=1937
q627,companies=Universal International Pictures (UI),year=1978
q628,genres=TV Movie,genres=Adventure,genres=Horror
q629,genres=Science Fiction,genres=Animation
q630,year=1975
q631,genres=Foreign,genres=Western
q632,genres=Mystery,count=1000
q633,genres=Crime
q634,genres=Thriller,genres=Action,year=1975
q635,genres=War,genres=Western
q636,genres=Drama
q637,genres=Crime,genres=Animation
q638,genres=Foreign,genres=Documentary
q639,genres=TV Movie,genres=Horror,genres=Crime,count=1000
q640,genres=History
q641,genres=Thriller,year=1977,count=10000
q642,genres=Family,year=1980
q643,genres=Western
q644,genres=Comedy,genres=Documentary
q645,genres=Drama,year=2014,count=10
q646,genres=Music,genres=Mystery,genres=Romance,year=2001
q647,genres=Comedy,count=10
q648,genres=TV Movie,genres=Foreign,genres=War,count=10000
q649,genres=Horror,genres=Romance
q650,genres=Foreign,genres=Fantasy
q651,genres=History,count=1000
q652,genres=Family,year=2003
q653,genres=Science Fiction,genres=Adventure,genres=Action,genres=Music
q654,genres=Adventure,genres=Horror,genres=Documentary
q655,genres=Family,genres=History,genres=Mystery,genres=Romance,companies=Canal+ España,count=100
q656,genres=Family,companies=Televisión Española (TVE)
q657,genres=TV Movie,genres=Horror,genres=Foreign,genres=History,companies=Hallmark Entertainment
q658,genres=TV Movie,genres=Adventure,genres=Thriller,genres=Documentary
q659,genres=Foreign,genres=History,companies=DreamWorks SKG
q660,genres=Horror
q661,genres=War,genres=Western,count=10
q662,genres=Family,genres=History,genres=Drama,genres=Romance,companies=Universal Pictures
q663,genres=History,genres=Mystery
q664,genres=Adventure,genres=Horror,genres=Crime,genres=Animation,genres=Music,genres=Mystery,count=1000
q665,genres=Action,genres=Mystery,year=1970,count=10
q666,genres=Crime,companies=France 2 Cinéma
q667,genres=Adventure,genres=Romance,count=1000
q668,genres=TV Movie,genres=Romance
q669,genres=Science Fiction,count=100
q670,genres=Science Fiction,genres=Family,companies=Shôchiku Eiga,year=2005,count=1000
q671,companies=Morgan Creek Productions,count=1000
q672,genres=Thriller,genres=Foreign,genres=Comedy,genres=Romance,genres=Documentary
q673,genres=Thriller,genres=Fantasy,genres=Western,genres=Animation,genres=Music,genres=Drama,companies=Shôchiku Eiga,count=10
q674,genres=War,genres=Drama
q675,genres=Adventure,genres=History,year=1967,count=1000
q676,genres=War,count=100
q677,genres=TV Movie,genres=Foreign,count=0
q678,genres=Family,companies=Universal Pictures
q679,genres=Western,genres=Mystery,year=1994
q680,genres=War,count=1000
q681,genres=Drama
q682,genres=Family,genres=Drama
q683,genres=Animation,genres=Comedy,genres=Romance
q684,year=1959
q685,year=1951
q686,genres=TV Movie,companies=Dune Entertainment,year=2015
q687,genres=Crime,genres=Comedy,genres=Documentary,count=10000
q688,genres=War,genres=Western,genres=Drama
q689,genres=Documentary
q690,genres=History,genres=Mystery,year=1961
q691,genres=Action,companies=Téléfilm Canada,count=100
q692,genres=Adventure,genres=Mystery
q693,genres=Family,genres=Animation
q694,genres=Adventure,genres=Romance,year=1998
q695,genres=Drama
q696,genres=War,genres=Animation,companies=Lions Gate Films
q697,genres=History,genres=Fantasy,genres=War,genres=Crime,year=1982
q698,genres=History,genres=Comedy,genres=Documentary,year=1962
q699,genres=Horror,genres=Thriller,genres=Music,companies=Miramax Films
q700,genres=Foreign,genres=History,genres=Animation,year=2003,count=0
q701,genres=War,companies=Hammer Film Productions
q702,genres=Drama
q703,genres=TV Movie
q704,genres=Crime
q705,genres=Thriller,genres=Romance
q706,genres=Comedy,companies=Gaumont,year=1947
q707,genres=Science Fiction,companies=Home Box Office (HBO),year=1985
q708,genres=History,genres=Fantasy
q709,genres=Music,genres=Mystery,genres=Romance,year=1988
q710,genres=Crime,genres=Comedy,count=100
q711,genres=Adventure,genres=Comedy,count=1000
q712,genres=Family,genres=Comedy
q713,companies=Lionsgate
q714,genres=Fantasy,genres=Western,genres=Action,genres=Documentary,count=0
q715,genres=War,genres=Animation,genres=Documentary
q716,companies=UK Film Council,year=2014
q717,genres=Mystery,genres=Romance,year=2017,count=1000
q718,genres=Documentary
q719,genres=Romance,year=1972
q720,genres=Western,genres=Action,companies=Canal+ España,year=2009
q721,genres=Fantasy,genres=Animation,year=1991
q722,genres=War,genres=Crime,genres=Comedy
q723,genres=Adventure,genres=Western
q724,genres=Fantasy
q725,genres=Animation,genres=Mystery,count=100
q726,genres=Crime,genres=Mystery,count=1000
q727,genres=TV Movie,genres=War,genres=Action,genres=Animation,companies=Pathé
q728,genres=Horror,year=1995
q729,genres=Thriller,year=1988
q730,genres=History,genres=War,year=1977
q731,genres=Crime,genres=Music
q732,genres=War
q733,genres=Action,genres=Drama,companies=Daiei Studios
q734,genres=Adventure,genres=War,genres=Documentary
q735,genres=History
q736,year=1987
q737,companies=Film4,year=1996,count=100
q738,genres=Adventure,year=1981,count=100
q739,genres=Horror,year=1974
q740,genres=Romance,genres=Documentary,year=1991,count=100
q741,genres=Science Fiction,genres=Foreign,genres=Animation,genres=Comedy,genres=Music
q742,genres=Crime
q743,genres=Adventure,companies=Hallmark Entertainment
q744,genres=Family,genres=Adventure,genres=War,genres=Documentary,companies=Touchstone Pictures,year=2008,count=100
q745,genres=Science Fiction,genres=Adventure,genres=Fantasy,companies=Channel Four Films
q746,genres=Science Fiction,genres=Family,genres=Horror,count=10000
q747,genres=Horror,genres=Thriller,genres=Comedy,genres=Mystery
q748,genres=Horror,genres=War
q749,genres=Thriller,genres=Animation,genres=Music,genres=Mystery,genres=Drama
q750,genres=Adventure,genres=Thriller,year=1995
q751,genres=Family,genres=Animation,genres=Music,genres=Drama
q752,genres=Science Fiction,genres=Horror,genres=Foreign,count=0
q753,genres=Animation,genres=Documentary
q754,genres=Science Fiction,genres=Adventure,genres=Crime
q755,genres=Adventure
q756,genres=Fantasy,genres=War,genres=Crime,genres=Comedy
q757,genres=Science Fiction,genres=Horror,genres=Fantasy,genres=Comedy,genres=Music,genres=Drama
q758,genres=Family,genres=Crime,year=1989
q759,genres=Animation,genres=Music,genres=Drama
q760,genres=Thriller,genres=Foreign,genres=Romance,count=10000
q761,genres=Family,genres=Horror,genres=Mystery
q762,genres=TV Movie,genres=Foreign
q763,genres=Western,genres=Drama,genres=Romance,year=1977
q764,year=2004
q765,genres=Music,year=1993
q766,genres=Thriller,genres=Comedy
q767,genres=Thriller,genres=History,genres=Fantasy,genres=Western,count=100
q768,genres=TV Movie
q769,genres=Romance
q770,genres=Family,companies=Twentieth Century Fox Film Corporation
q771,genres=Comedy,genres=Music
q772,genres=TV Movie,genres=Foreign,genres=Music,companies=Televisión Española (TVE)
q773,genres=Thriller,genres=Fantasy
q774,genres=Science Fiction,genres=Adventure,genres=History,genres=Fantasy,year=2010
q775,genres=Mystery
q776,genres=Family,genres=Fantasy,genres=Action,genres=Drama,companies=StudioCanal
q777,genres=Thriller
q778,genres=Fantasy,genres=Animation,genres=Music
q779,genres=Horror,genres=Foreign,year=1980,count=10
q780,genres=Action,genres=Animation,genres=Documentary,count=0
q781,genres=Action,genres=Animation
q782,genres=TV Movie,genres=Romance
q783,genres=Drama,year=2003,count=10
q784,genres=TV Movie,genres=Animation,count=1000
q785,genres=Western,genres=Mystery
q786,genres=Comedy,year=1978
q787,genres=Drama,year=1977
q788,genres=Adventure,genres=Comedy
q789,companies=Wild Bunch,year=1990
q790,genres=Science Fiction,genres=Family,genres=Comedy,companies=Home Box Office (HBO),count=0
q791,genres=Science Fiction,genres=Western,genres=Comedy,companies=Hollywood Pictures
q792,genres=Family,genres=TV Movie
q793,genres=Foreign,genres=History,genres=Crime,genres=Romance,companies=Lions Gate Films
q794,genres=Animation,count=10
q795,genres=War
q796,genres=Drama,year=1970
q797,genres=Adventure,genres=Drama,genres=Romance,year=2006
q798,genres=TV Movie,genres=History,genres=Fantasy,genres=Action,count=100
q799,genres=Thriller,count=0
q800,genres=Adventure,genres=Thriller,genres=Foreign,companies=Zweites Deutsches Fernsehen (ZDF),year=1977
q801,genres=Horror,genres=War,genres=Comedy,genres=Mystery,year=1989,count=100
q802,genres=Family,count=0
q803,genres=Crime
q804,genres=Documentary,year=1997,count=100
q805,genres=Animation
q806,genres=Fantasy,genres=Action,genres=Crime,count=10
q807,genres=TV Movie,year=1987,count=1000
q808,genres=Comedy,year=1981,count=10
q809,genres=Comedy,genres=Music,genres=Romance
q810,genres=Adventure,genres=Mystery,companies=Televisión Española (TVE),year=1993,count=10000
q811,year=2007
q812,genres=Foreign,genres=Documentary,year=1986,count=1000
q813,genres=Science Fiction,genres=Western,companies=Touchstone Pictures
q814,genres=TV Movie,genres=Thriller
q815,genres=Crime,genres=Romance,count=10
q816,genres=Crime,count=10000
q817,genres=Family,genres=History,genres=Action,genres=Mystery,genres=Romance,companies=Focus Features,count=1000
q818,genres=TV Movie,genres=Animation,genres=Comedy,genres=Mystery,genres=Drama,companies=Warner Bros.
q819,genres=Action
q820,genres=Foreign,genres=Animation,year=2003
q821,genres=Adventure,genres=Action,genres=Drama,count=0
q822,genres=Science Fiction,genres=Adventure,genres=Animation,genres=Music,genres=Mystery,genres=Romance,companies=The Rank Organisation
q823,genres=War,year=1991
q824,genres=TV Movie
q825,genres=Adventure,year=1989,count=10000
q826,genres=War,genres=Action,year=1978
q827,genres=Documentary,year=1999
q828,genres=TV Movie,genres=Adventure,genres=Mystery,genres=Documentary,count=0
q829,genres=Western,genres=Animation,count=10
q830,companies=Hammer Film Productions,count=0
q831,genres=History,genres=Crime,genres=Documentary
q832,genres=Animation,companies=Lakeshore Entertainment,year=1969,count=10
q833,genres=War,genres=Western
q834,genres=TV Movie,genres=Comedy,companies=Walt Disney Pictures,count=10000
q835,genres=TV Movie,year=1990,count=100
q836,genres=Western,companies=Pathé
q837,genres=Adventure,genres=Drama,year=1993
q838,genres=Thriller,genres=Western,genres=Drama
q839,genres=Action,genres=Comedy,count=100
q840,genres=Science Fiction,genres=Foreign,companies=Nikkatsu,year=2004
q841,genres=Science Fiction,companies=Lions Gate Films,year=1941,count=100
q842,genres=Science Fiction,genres=Family,genres=Crime,count=1000
q843,genres=TV Movie,genres=Thriller,genres=History,genres=Music,year=1951
q844,genres=Thriller,companies=New Line Cinema
q845,genres=War,genres=Western,genres=Crime,genres=Comedy,genres=Music,genres=Mystery,companies=Village Roadshow Pictures,year=1981
q846,genres=Animation,genres=Mystery,year=2013,count=10000
q847,year=1990,count=10
q848,genres=TV Movie,genres=War,genres=Crime,genres=Drama,year=1964
q849,genres=Foreign,genres=Fantasy,genres=Crime,genres=Mystery,year=1981,count=10000
q850,genres=Adventure,genres=History,genres=Documentary,companies=Miramax Films,year=2012,count=0
q851,genres=Science Fiction,genres=TV Movie,genres=Romance,year=1976
q852,year=1980,count=1000
q853,genres=TV Movie,genres=Comedy,genres=Mystery,year=2006
q854,genres=Science Fiction,genres=Foreign,year=2007
q855,genres=Science Fiction,genres=Horror,genres=Fantasy,genres=Music,genres=Romance
q856,genres=Action,companies=Imagine Entertainment
q857,genres=Horror,genres=Fantasy,companies=Svensk Filmindustri (SF),count=10000
q858,genres=Science Fiction,genres=Adventure,genres=Mystery,year=1971
q859,genres=Adventure,genres=Music
q860,genres=Foreign,genres=War,companies=Lionsgate
q861,genres=Science Fiction
q862,genres=History,genres=Fantasy,genres=War,genres=Action
q863,genres=Family,genres=Western,genres=Documentary
q864,genres=Fantasy,genres=Documentary
q865,genres=Adventure,genres=Horror,genres=Drama
q866,genres=Music
q867,genres=Fantasy
q868,genres=Science Fiction,genres=Action,genres=Comedy,count=1000
q869,genres=Music,year=2017
q870,genres=Adventure,genres=Action,count=10
q871,genres=War,genres=Crime
q872,genres=History,genres=Animation,genres=Mystery,year=1945
q873,year=1996
q874,genres=Horror,genres=Drama,companies=Rai Cinema
q875,genres=Animation
q876,genres=Action,companies=Lakeshore Entertainment,count=1000
q877,genres=Foreign,genres=War,count=1000
q878,genres=Foreign,genres=Romance
q879,genres=Fantasy,genres=Action,genres=Crime
q880,genres=Music,count=100
q881,genres=TV Movie,genres=Western,genres=Music,year=1995,count=0
q882,genres=Science Fiction,genres=Adventure,genres=Fantasy,genres=Mystery,genres=Romance,genres=Documentary,year=1961
q883,genres=Foreign,genres=Mystery,count=0
q884,genres=Action,genres=Music,genres=Documentary,year=1943
q885,genres=Drama,count=10
q886,year=2015,count=100
q887,genres=Music,genres=Documentary
q888,genres=Horror,genres=Music,companies=BBC Films,count=1000
q889,genres=TV Movie,genres=Fantasy,genres=Crime,genres=Documentary,count=1000
q890,genres=Western,genres=Crime,count=100
q891,genres=Fantasy,genres=Documentary
q892,genres=Thriller,genres=Fantasy,year=1993
q893,genres=TV Movie,genres=Action,genres=Romance,year=2009
q894,genres=Science Fiction,genres=Family,genres=War,genres=Comedy
q895,genres=Family
q896,year=1971
q897,genres=Thriller
q898,genres=TV Movie,genres=Western,genres=Documentary,year=1970,count=0
q899,genres=Adventure,count=100
q900,genres=Adventure,genres=Western,genres=Documentary,companies=Regency Enterprises
q901,genres=Foreign,genres=Comedy,count=1000
q902,genres=Adventure,genres=Horror,year=1970,count=1000
q903,genres=War,genres=Crime
q904,genres=TV Movie,genres=War
q905,genres=Western,genres=Mystery,companies=Televisión Española (TVE),count=10000
q906,genres=Foreign,genres=Western,genres=Animation
q907,genres=Drama,count=100
q908,genres=Fantasy,genres=Western,genres=Romance
q909,genres=Science Fiction,year=1977
q910,genres=Music,year=1968
q911,genres=Horror,genres=Music,companies=United Artists
q912,genres=Animation,genres=Documentary
q913,genres=Family,genres=History,genres=Action
q914,genres=War
q915,genres=Foreign,genres=Fantasy,year=1987,count=0
q916,genres=Comedy,genres=Documentary,count=100
q917,genres=War,genres=Crime,genres=Mystery,count=0
q918,genres=Crime,count=10000
q919,genres=History,genres=Western,genres=Crime,count=100
q920,genres=TV Movie,genres=Thriller,count=1000
q921,genres=Science Fiction,genres=Crime,genres=Mystery,year=2000
q922,genres=Documentary,year=1990
q923,genres=Comedy,year=2002,count=100
q924,genres=Science Fiction,genres=Drama,genres=Romance,companies=TriStar Pictures,count=10000
q925,genres=Documentary,companies=StudioCanal
q926,genres=Family,genres=Mystery
q927,year=1989
q928,genres=Horror,genres=War,genres=Crime
q929,genres=Horror,genres=History,genres=Music,companies=Mosfilm,count=10000
q930,genres=Western,genres=Comedy
q931,genres=Family,genres=Music,genres=Drama
q932,genres=Animation,genres=Romance,count=0
q933,genres=Music
q934,genres=TV Movie,genres=History,genres=Mystery,year=1998
q935,genres=Family,genres=Crime,companies=StudioCanal
q936,genres=Western,count=10
q937,companies=CinéCinéma
q938,genres=Romance
q939,genres=TV Movie,genres=Crime,genres=Animation,genres=Documentary
q940,genres=Family,genres=Animation,genres=Comedy,count=10000
q941,genres=Action,genres=Documentary
q942,genres=Horror,year=1996
q943,genres=Adventure,genres=War,genres=Animation,year=1987,count=100
q944,genres=Fantasy
q945,genres=History,genres=Crime,genres=Animation
q946,genres=Action,genres=Mystery
q947,genres=History
q948,genres=Mystery,genres=Drama,year=1986,count=100
q949,genres=Comedy,genres=Documentary,year=2002,count=10
q950,genres=Science Fiction,genres=Foreign,genres=Action
q951,genres=TV Movie
q952,genres=Family,genres=Adventure
q953,genres=Fantasy,genres=Mystery
q954,genres=Adventure,genres=Drama
q955,genres=Western,count=1000
q956,genres=Family,genres=History,genres=Mystery,genres=Drama,companies=Fine Line Features,year=2000
q957,genres=History,genres=Western,genres=Action
q958,genres=Western
q959,genres=History
q960,genres=Western,genres=Romance,year=1993
q961,genres=Horror,genres=Fantasy
q962,genres=War,companies=Hollywood Pictures,year=2014
q963,genres=Action
q964,genres=TV Movie,genres=Horror,genres=Thriller,genres=Western,genres=Documentary,companies=New Regency Pictures,count=100
q965,genres=Science Fiction,genres=TV Movie,genres=Adventure,genres=War,year=1995
q966,genres=Comedy,year=1982
q967,genres=Comedy
q968,genres=Family,genres=Animation,genres=Documentary,companies=BBC Films
q969,genres=Thriller,genres=Fantasy,genres=War,genres=Drama,genres=Documentary
q970,genres=War,genres=Action,genres=Mystery,companies=Walt Disney Pictures,year=1979
q971,genres=Thriller,genres=Romance
q972,genres=Adventure,genres=Animation,genres=Documentary,count=100
q973,genres=Animation,genres=Comedy,genres=Music,count=10
q974,genres=Adventure,genres=Thriller,genres=Mystery,year=1985
q975,genres=War,genres=Action,genres=Documentary,count=10000
q976,genres=Crime,companies=Shaw Brothers
q977,genres=Family,genres=War,genres=Music,genres=Drama
q978,genres=Science Fiction
q979,genres=Western,genres=Romance,year=2014,count=1000
q980,genres=Romance,count=10000
q981,genres=Western,count=0
q982,genres=Science Fiction,genres=Documentary
q983,genres=Fantasy,year=2006
q984,genres=Science Fiction,genres=TV Movie,genres=Crime
q985,genres=TV Movie,count=0
q986,genres=Science Fiction
q987,genres=Science Fiction,genres=Romance
q988,genres=TV Movie,genres=Horror,genres=War,genres=Crime,genres=Documentary
q989,genres=Thriller
q990,genres=Science Fiction,genres=Animation,genres=Drama,year=1985
q991,genres=Mystery,genres=Drama,year=1971,count=10
q992,year=1977
q993,genres=War,genres=Music,genres=Drama,year=1968
q994,genres=Music,genres=Documentary,year=1962
q995,genres=History,genres=Mystery,year=1969,count=1000
q996,genres=Thriller,genres=Comedy,genres=Mystery,companies=Morgan Creek Productions,year=1980
q997,genres=Crime,genres=Comedy
q998,genres=Action,genres=Mystery,genres=Romance,companies=Rai Cinema
q999,genres=Adventure,genres=Music,count=1000
q1000,genres=Science Fiction,genres=War,genres=Action,genres=Music,genres=Drama
